<?xml version="1.0" encoding="utf-8"?>
<!DOCTYPE extension>
<extension type="file" version="2.5" method="upgrade">
	<name>Kunena Media Files</name>
	<version>5.0.8</version>
	<versionname>Hoatzin</versionname>
	<creationDate>2017-05-15</creationDate>
	<author>Kunena Team</author>
	<authorEmail>kunena@kunena.org</authorEmail>
	<authorUrl>https://www.kunena.org</authorUrl>
	<copyright>(C) 2008 - 2017 Kunena Team. All rights reserved.</copyright>
	<license>GNU/GPLv3 or later</license>
	<description>Kunena media files.</description>
	<fileset>
		<files target="media/kunena">
			<folder>attachments</folder>
			<folder>avatars</folder>
			<folder>category_images</folder>
			<folder>email</folder>
			<folder>emoticons</folder>
			<folder>images</folder>
			<folder>js</folder>
			<folder>labels</folder>
			<folder>less</folder>
			<folder>ranks</folder>
			<folder>topic_icons</folder>
		</files>
	</fileset>
</extension>
