{ "COMPONENTS_ASSOCIATIONS": "COMPONENTS_ASSOCIATIONS", "COMPONENTS_ASSOCIATIONS_EDIT": "COMPONENTS_ASSOCIATIONS_EDIT", "COMPONENTS_BANNERS_BANNERS": "COMPONENTS_BANNERS_BANNERS", "COMPONENTS_BANNERS_BANNERS_EDIT": "COMPONENTS_BANNERS_BANNERS_EDIT", "COMPONENTS_BANNERS_CATEGORIES": "COMPONENTS_BANNERS_CATEGORIES", "COMPONENTS_BANNERS_CATEGORY_EDIT": "COMPONENTS_BANNERS_CATEGORIES_EDIT", "COMPONENTS_BANNERS_CLIENTS": "COMPONENTS_BANNERS_CLIENTS", "COMPONENTS_BANNERS_CLIENTS_EDIT": "COMPONENTS_BANNERS_CLIENTS_EDIT", "COMPONENTS_BANNERS_TRACKS": "COMPONENTS_BANNERS_TRACKS", "COMPONENTS_CONTACTS_CONTACTS": "COMPONENTS_CONTACTS_CONTACTS", "COMPONENTS_CONTACTS_CONTACTS_EDIT": "COMPONENTS_CONTACTS_CONTACTS_EDIT", "COMPONENTS_CONTACT_CATEGORIES": "COMPONENTS_CONTACT_CATEGORIES", "COMPONENTS_CONTACT_CATEGORY_EDIT": "COMPONENTS_CONTACT_CATEGORIES_EDIT", "COMPONENTS_CONTENT_CATEGORIES": "COMPONENTS_CONTENT_CATEGORIES", "COMPONENTS_CONTENT_CATEGORY_EDIT": "COMPONENTS_CONTENT_CATEGORIES_EDIT", "COMPONENTS_FIELDS_FIELDS": "COMPONENTS_FIELDS_FIELDS", "COMPONENTS_FIELDS_FIELDS_EDIT": "COMPONENTS_FIELDS_FIELDS_EDIT", "COMPONENTS_FIELDS_FIELD_GROUPS": "COMPONENTS_FIELDS_FIELD_GROUPS", "COMPONENTS_FIELDS_FIELD_GROUPS_EDIT": "COMPONENTS_FIELDS_FIELD_GROUPS_EDIT", "COMPONENTS_FINDER_MANAGE_CONTENT_MAPS": "COMPONENTS_FINDER_MANAGE_CONTENT_MAPS", "COMPONENTS_FINDER_MANAGE_INDEXED_CONTENT": "COMPONENTS_FINDER_MANAGE_INDEXED_CONTENT", "COMPONENTS_FINDER_MANAGE_SEARCH_FILTERS": "COMPONENTS_FINDER_MANAGE_SEARCH_FILTERS", "COMPONENTS_FINDER_MANAGE_SEARCH_FILTERS_EDIT": "COMPONENTS_FINDER_MANAGE_SEARCH_FILTERS_EDIT", "COMPONENTS_JOOMLA_UPDATE": "COMPONENTS_JOOMLA_UPDATE", "COMPONENTS_MESSAGING_INBOX": "COMPONENTS_MESSAGING_INBOX", "COMPONENTS_MESSAGING_READ": "COMPONENTS_MESSAGING_READ", "COMPONENTS_MESSAGING_WRITE": "COMPONENTS_MESSAGING_WRITE", "COMPONENTS_NEWSFEEDS_CATEGORIES": "COMPONENTS_NEWSFEEDS_CATEGORIES", "COMPONENTS_NEWSFEEDS_CATEGORY_EDIT": "COMPONENTS_NEWSFEEDS_CATEGORIES_EDIT", "COMPONENTS_NEWSFEEDS_FEEDS": "COMPONENTS_NEWSFEEDS_FEEDS", "COMPONENTS_NEWSFEEDS_FEEDS_EDIT": "COMPONENTS_NEWSFEEDS_FEEDS_EDIT", "COMPONENTS_POST_INSTALLATION_MESSAGES": "COMPONENTS_POST_INSTALLATION_MESSAGES", "COMPONENTS_REDIRECT_MANAGER": "COMPONENTS_REDIRECT_MANAGER", "COMPONENTS_REDIRECT_MANAGER_EDIT": "COMPONENTS_REDIRECT_MANAGER_EDIT", "COMPONENTS_SEARCH": "COMPONENTS_SEARCH", "COMPONENTS_TAGS_MANAGER": "COMPONENTS_TAGS_MANAGER", "COMPONENTS_TAGS_MANAGER_EDIT": "COMPONENTS_TAGS_MANAGER_EDIT", "COMPONENTS_WEBLINKS_CATEGORIES": "COMPONENTS_WEBLINKS_CATEGORIES", "COMPONENTS_WEBLINKS_CATEGORY_EDIT": "COMPONENTS_WEBLINKS_CATEGORIES_EDIT", "COMPONENTS_WEBLINKS_LINKS": "COMPONENTS_WEBLINKS_LINKS", "COMPONENTS_WEBLINKS_LINKS_EDIT": "COMPONENTS_WEBLINKS_LINKS_EDIT", "CONTENT_ARTICLE_MANAGER": "CONTENT_ARTICLE_MANAGER", "CONTENT_ARTICLE_MANAGER_EDIT": "CONTENT_ARTICLE_MANAGER_EDIT", "CONTENT_FEATURED_ARTICLES": "CONTENT_FEATURED_ARTICLES", "CONTENT_MEDIA_MANAGER": "CONTENT_MEDIA_MANAGER", "EXTENSIONS_EXTENSION_MANAGER_DATABASE": "EXTENSIONS_EXTENSION_MANAGER_DATABASE", "EXTENSIONS_EXTENSION_MANAGER_DISCOVER": "EXTENSIONS_EXTENSION_MANAGER_DISCOVER", "EXTENSIONS_EXTENSION_MANAGER_INSTALL": "EXTENSIONS_EXTENSION_MANAGER_INSTALL", "EXTENSIONS_EXTENSION_MANAGER_MANAGE": "EXTENSIONS_EXTENSION_MANAGER_MANAGE", "EXTENSIONS_EXTENSION_MANAGER_UPDATE": "EXTENSIONS_EXTENSION_MANAGER_UPDATE", "EXTENSIONS_EXTENSION_MANAGER_WARNINGS": "EXTENSIONS_EXTENSION_MANAGER_WARNINGS", "EXTENSIONS_LANGUAGE_MANAGER_CONTENT": "EXTENSIONS_LANGUAGE_MANAGER_CONTENT", "EXTENSIONS_LANGUAGE_MANAGER_EDIT": "EXTENSIONS_LANGUAGE_MANAGER_EDIT", "EXTENSIONS_LANGUAGE_MANAGER_INSTALLED": "EXTENSIONS_LANGUAGE_MANAGER_INSTALLED", "EXTENSIONS_LANGUAGE_MANAGER_OVERRIDES": "EXTENSIONS_LANGUAGE_MANAGER_OVERRIDES", "EXTENSIONS_LANGUAGE_MANAGER_OVERRIDES_EDIT": "EXTENSIONS_LANGUAGE_MANAGER_OVERRIDES_EDIT", "EXTENSIONS_MODULE_MANAGER": "EXTENSIONS_MODULE_MANAGER", "EXTENSIONS_MODULE_MANAGER_EDIT": "EXTENSIONS_MODULE_MANAGER_EDIT", "EXTENSIONS_PLUGIN_MANAGER": "EXTENSIONS_PLUGIN_MANAGER", "EXTENSIONS_PLUGIN_MANAGER_EDIT": "EXTENSIONS_PLUGIN_MANAGER_EDIT", "EXTENSIONS_TEMPLATE_MANAGER_STYLES": "EXTENSIONS_TEMPLATE_MANAGER_STYLES", "EXTENSIONS_TEMPLATE_MANAGER_STYLES_EDIT": "EXTENSIONS_TEMPLATE_MANAGER_STYLES_EDIT", "EXTENSIONS_TEMPLATE_MANAGER_TEMPLATES": "EXTENSIONS_TEMPLATE_MANAGER_TEMPLATES", "EXTENSIONS_TEMPLATE_MANAGER_TEMPLATES_EDIT": "EXTENSIONS_TEMPLATE_MANAGER_TEMPLATES_EDIT", "EXTENSIONS_TEMPLATE_MANAGER_TEMPLATES_EDIT_SOURCE": "EXTENSIONS_TEMPLATE_MANAGER_TEMPLATES_EDIT_SOURCE", "MENUS_MENU_ITEM_MANAGER": "MENUS_MENU_ITEM_MANAGER", "MENUS_MENU_ITEM_MANAGER_EDIT": "MENUS_MENU_ITEM_MANAGER_EDIT", "MENUS_MENU_MANAGER": "MENUS_MENU_MANAGER", "MENUS_MENU_MANAGER_EDIT": "MENUS_MENU_MANAGER_EDIT", "SITE_GLOBAL_CONFIGURATION": "SITE_GLOBAL_CONFIGURATION", "SITE_MAINTENANCE_CLEAR_CACHE": "SITE_MAINTENANCE_CLEAR_CACHE", "SITE_MAINTENANCE_GLOBAL_CHECK-IN": "SITE_MAINTENANCE_GLOBAL_CHECK-IN", "SITE_MAINTENANCE_PURGE_EXPIRED_CACHE": "SITE_MAINTENANCE_PURGE_EXPIRED_CACHE", "SITE_SYSTEM_INFORMATION": "SITE_SYSTEM_INFORMATION", "START_HERE": "START_HERE", "USERS_ACCESS_LEVELS": "USERS_ACCESS_LEVELS", "USERS_ACCESS_LEVELS_EDIT": "USERS_ACCESS_LEVELS_EDIT", "USERS_DEBUG_USERS": "USERS_DEBUG_USER", "USERS_GROUPS": "USERS_GROUPS", "USERS_GROUPS_EDIT": "USERS_GROUPS_EDIT", "USERS_MASS_MAIL_USERS": "USERS_MASS_MAIL_USERS", "USERS_USER_MANAGER": "USERS_USER_MANAGER", "USERS_USER_MANAGER_EDIT": "USERS_USER_MANAGER_EDIT", "USERS_USER_NOTES": "USERS_USER_NOTES", "USERS_USER_NOTES_EDIT": "USERS_USER_NOTES_EDIT" }