<?xml version="1.0" encoding="utf-8"?>
<extension version="3.4" type="template" client="site">
  <name>theme3447</name>
  <version>3.0</version>
  <creationDate>July 2017</creationDate>
  <author>TemplateMonster.com</author>
  <authorEmail>info@template-help.com</authorEmail>
  <authorUrl>http://www.templatemonster.com</authorUrl>
  <copyright>Copyright  2003-2016 template-help.com. All Rights Reserved.</copyright>
  <license> Joomla! CMS files are covered by http://www.gnu.org/copyleft/gpl.html GNU/GPL; Images and template files are covered by ONE TIME USAGE LICENSE from templatemonster.com http://www.templatemonster.com/license_faq.php
</license>
  <description>
        <![CDATA[
            <p>Template for Joomla! 3.x Content Management System provided by TemplateMonster.com<br/>
            Copyright  2003-2015 template-help.com. All Rights Reserved.<br/>
            Joomla! CMS files are covered by http://www.gnu.org/copyleft/gpl.html GNU/GPL; Images and template files are covered by ONE TIME USAGE LICENSE from templatemonster.com http://www.templatemonster.com/license_faq.php
</p>
            <p>Please check detailed tutorials on how to work with our templates at <a href="http://info.template-help.com/help/cms-blog-templates/joomla/joomla-tutorials/">info.template-help.com</a>.</p>
        ]]>
    </description>
  <files>
    <filename>component.php</filename>
    <filename>favicon.ico</filename>
    <filename>index.php</filename>
    <filename>templateDetails.xml</filename>
    <filename>template_preview.png</filename>
    <filename>template_thumbnail.png</filename>
    <filename>error.php</filename>
    <filename>offline.php</filename>
    <folder>css</folder>
    <folder>html</folder>
    <folder>fonts</folder>
    <folder>images</folder>
    <folder>js</folder>
    <folder>includes</folder>
    <folder>language</folder>
    <folder>less</folder>
  </files>
  <positions>
    <position>debug</position>
    <position>top</position>
    <position>top_left</position>
    <position>top_center</position>
    <position>top_right</position>
    <position>header</position>
    <position>navigation</position>
    <position>breadcrumbs</position>
    <position>showcase</position>
    <position>feature</position>
    <position>maintop</position>
    <position>content-top</position>
    <position>aside-left</position>
    <position>aside-right</position>
    <position>content-bottom</position>
    <position>video</position>
    <position>mainbottom</position>
    <position>mainbottom-2</position>
    <position>mainbottom-3</position>
    <position>mainbottom-4</position>
    <position>mainbottom-5</position>
    <position>bottom</position>
    <position>footer</position>
    <position>copyright</position>
    <position>modal</position>
    <position>404-search</position>
    <position>megamenu</position>
    <position>fixed-sidebar-left</position>
    <position>fixed-sidebar-right</position>
    <position>contact-form</position>
    <position>careers-accordion-1</position>
    <position>careers-accordion-2</position>
    <position>careers-accordion-3</position>
    <position>careers-accordion-4</position>
    <position>careers-accordion-requirements</position>
    <position>careers-accordion-expect</position>
  </positions>
  <languages folder="language">
    <language tag="en-GB">en-GB/en-GB.tpl_theme3447.sys.ini</language>
    <language tag="en-GB">en-GB/en-GB.tpl_theme3447.ini</language>
    <language tag="de-DE">de-DE/de-DE.tpl_theme3447.ini</language>
    <language tag="es-ES">es-ES/es-ES.tpl_theme3447.ini</language>
    <language tag="fr-FR">fr-FR/fr-FR.tpl_theme3447.ini</language>
    <language tag="it-IT">it-IT/it-IT.tpl_theme3447.ini</language>
    <language tag="pl-PL">pl-PL/pl-PL.tpl_theme3447.ini</language>
    <language tag="pt-BR">pt-BR/pt-BR.tpl_theme3447.ini</language>
    <language tag="ru-RU">ru-RU/ru-RU.tpl_theme3447.ini</language>
  </languages>
  <config>
    <fields name="params">
      <fieldset name="layout" label="TPL_FIELDSET_LAYOUT" addfieldpath="/administrator/components/com_content/models/fields">

        <!-- <field name="themeLayout" class="btn-group" type="radio" default="0" label="TPL_THEME_LAYOUT_LABEL" description="TPL_THEME_LAYOUT_DESC">
          <option value="0">TPL_FIXED</option>
          <option value="1">TPL_FLUID</option>
        </field> -->

        <field name="top_layout" class="btn-group" type="radio" default="normal" label="Top">
          <option value="normal">TPL_NORMAL</option>
          <option value="fullwidth">TPL_FULLWIDTH</option>
        </field>

        <field name="header_layout" class="btn-group" type="radio" default="normal" label="Header">
          <option value="normal">TPL_NORMAL</option>
          <option value="fullwidth">TPL_FULLWIDTH</option>
        </field>

        <field name="navigation_layout" class="btn-group" type="radio" default="normal" label="Navigation">
          <option value="normal">TPL_NORMAL</option>
          <option value="fullwidth">TPL_FULLWIDTH</option>
        </field>

        <field name="showcase_layout" class="btn-group" type="radio" default="normal" label="Showcase">
          <option value="normal">TPL_NORMAL</option>
          <option value="fullwidth">TPL_FULLWIDTH</option>
        </field>

        <field name="feature_layout" class="btn-group" type="radio" default="normal" label="Feature">
          <option value="normal">TPL_NORMAL</option>
          <option value="fullwidth">TPL_FULLWIDTH</option>
        </field>

        <field name="breadcrumbs_layout" class="btn-group" type="radio" default="normal" label="Breadcrumbs">
          <option value="normal">TPL_NORMAL</option>
          <option value="fullwidth">TPL_FULLWIDTH</option>
        </field>

        <field name="maintop_layout" class="btn-group" type="radio" default="normal" label="Maintop">
          <option value="normal">TPL_NORMAL</option>
          <option value="fullwidth">TPL_FULLWIDTH</option>
        </field>

        <field name="map_layout" class="btn-group" type="radio" default="normal" label="Map">
          <option value="normal">TPL_NORMAL</option>
          <option value="fullwidth">TPL_FULLWIDTH</option>
        </field>

        <field name="content_layout" class="btn-group" type="radio" default="normal" label="Content">
          <option value="normal">TPL_NORMAL</option>
          <option value="fullwidth">TPL_FULLWIDTH</option>
        </field>

        <field name="video_layout" class="btn-group" type="radio" default="normal" label="Video">
          <option value="normal">TPL_NORMAL</option>
          <option value="fullwidth">TPL_FULLWIDTH</option>
        </field>

        <field name="mainbottom_layout" class="btn-group" type="radio" default="normal" label="Mainbottom">
          <option value="normal">TPL_NORMAL</option>
          <option value="fullwidth">TPL_FULLWIDTH</option>
        </field>

        <field name="mainbottom-2_layout" class="btn-group" type="radio" default="normal" label="Mainbottom 2">
          <option value="normal">TPL_NORMAL</option>
          <option value="fullwidth">TPL_FULLWIDTH</option>
        </field>

        <field name="mainbottom-3_layout" class="btn-group" type="radio" default="normal" label="Mainbottom 3">
          <option value="normal">TPL_NORMAL</option>
          <option value="fullwidth">TPL_FULLWIDTH</option>
        </field>

        <field name="mainbottom-4_layout" class="btn-group" type="radio" default="normal" label="Mainbottom 4">
          <option value="normal">TPL_NORMAL</option>
          <option value="fullwidth">TPL_FULLWIDTH</option>
        </field>

        <field name="mainbottom-5_layout" class="btn-group" type="radio" default="normal" label="Mainbottom 5">
          <option value="normal">TPL_NORMAL</option>
          <option value="fullwidth">TPL_FULLWIDTH</option>
        </field>

        <field name="bottom_layout" class="btn-group" type="radio" default="normal" label="Bottom">
          <option value="normal">TPL_NORMAL</option>
          <option value="fullwidth">TPL_FULLWIDTH</option>
        </field>

        <field name="footer_layout" class="btn-group" type="radio" default="normal" label="Footer">
          <option value="normal">TPL_NORMAL</option>
          <option value="fullwidth">TPL_FULLWIDTH</option>
        </field>

        <field name="copyright_layout" class="btn-group" type="radio" default="normal" label="Copyright">
          <option value="normal">TPL_NORMAL</option>
          <option value="fullwidth">TPL_FULLWIDTH</option>
        </field>

        <!-- <field name="copyright_layout" class="btn-group" type="radio" default="normal" label="Copyright">
          <option value="normal">TPL_NORMAL</option>
          <option value="fullwidth">TPL_FULLWIDTH</option>
        </field> -->

        <field type="spacer" label="TPL_LOGO_LABEL" description="TPL_LOGO_DESC"></field>

        <field name="logoFile" class="" type="media" default=""
          label="TPL_THEME_LOGO_LABEL"
          description="TPL_THEME_LOGO_DESC"/>

        <!--<field name="logoPosition" type="moduleposition"  
          description="COM_MODULES_FIELD_POSITION_DESC"
          label="COM_MODULES_FIELD_POSITION_LABEL"
          default=""
          maxlength="50" />-->

        <field name="logoBlockWidth"
          type="integer"
          first="1"
          last="12"
          step="1"
          label="TPL_LOGO_WIDTH"
          description="TPL_LOGO_WIDTH_DESC"/>

          <field 
              name="LogoDescription" 
              class="btn-group" 
              type="radio" 
              default="0" 
              label="TPL_LOGO_DESCRIPTION_LABEL" 
              >
              <option value="0">JHIDE</option>
              <option value="1">JSHOW</option>
            </field>

               <field
                 type="text"
                 name="logo_description_title"
                 default=""
                 label="LOGO_DESCRIPTION_LABEL"
                 >        
               </field>

        <field type="spacer" label="TPL_FOOTER_LABEL" description="TPL_FOOTER_DESC"></field>
		  
		  <field 
		  		name="footerLogo" 
				class="btn-group" 
				type="radio" 
				default="0" 
				label="TPL_FOOTER_LOGO_LABEL" 
			>
          <option value="0">JHIDE</option>
          <option value="1">JSHOW</option>
        </field>
		
		<field name="footerLogoFile" class="" type="media" default=""
          label="TPL_THEME_FOOTER_LOGO_LABEL"
          description="TPL_THEME_FOOTER_LOGO_DESC"/>

        <field name="footerWidth"
          type="integer"
          first="1"
          last="12"
          step="1"
          label="TPL_FOOTER_WIDTH"
          description="TPL_FOOTER_WIDTH_DESC"/>
		  
		  <field 
		  		name="footerCopy" 
				class="btn-group" 
				type="radio" 
				default="1" 
				label="TPL_COPY_LABEL" 
			>
          <option value="0">JHIDE</option>
          <option value="1">JSHOW</option>
        </field>
		  
		  <field 
		  		name="footerYear" 
				class="btn-group" 
				type="radio" 
				default="1" 
				label="TPL_YEAR_LABEL" 
			>
          <option value="0">JHIDE</option>
          <option value="1">JSHOW</option>
        </field>
		  
		  <field 
		  		name="privacyLink" 
				class="btn-group" 
				type="radio" 
				default="1" 
				label="TPL_PRIVACY_LINK_LABEL" 
			>
          <option value="0">JHIDE</option>
          <option value="1">JSHOW</option>
        </field>
		  
		  <field
			  type="menuitem"
			  name="privacy_link_menu"
			  label="PRIVACY_LINK_MENU_LABEL">
		  </field>
		  
		  <field
					type="text"
					name="privacy_link_title"
					default=""
					label="PRIVACY_LINK_TITLE_LABEL"
					>				
				</field>
		  
		  <field 
		  		name="termsLink" 
				class="btn-group" 
				type="radio" 
				default="0" 
				label="TPL_TERMS_LINK_LABEL" 
			>
          <option value="0">JHIDE</option>
          <option value="1">JSHOW</option>
        </field>
		  
		  <field
			  type="menuitem"
			  name="terms_link_menu"
			  label="TERMS_LINK_MENU_LABEL">
		  </field>
		  
		  <field
					type="text"
					name="terms_link_title"
					default=""
					label="TERMS_LINK_TITLE_LABEL"
					>				
				</field>

        <field type="spacer" label="TPL_SPACER_ASIDES_LABEL" description="TPL_SPACER_ASIDES_DESC"></field>

        <field name="asideLeftWidth" 
          type="integer" 
          first="1" 
          last="6" 
          step="1" 
          label="TPL_THEME_ASIDE_LEFT_WIDTH" 
          description="TPL_THEME_ASIDE_LEFT_WIDTH_DESC"/>    

        <field name="asideRightWidth" 
          type="integer" 
          first="1" 
          last="6" 
          step="1" 
          label="TPL_THEME_ASIDE_RIGHT_WIDTH" 
          description="TPL_THEME_ASIDE_RIGHT_WIDTH_DESC"/>
      </fieldset>

      <fieldset name="typography" label="TPL_FIELDSET_TYPOGRAPHY">

        <field type="spacer" label="TPL_SPACER_FEATURED_TYPO_LABEL" description="TPL_SPACER_FEATURED_TYPO_DESC"></field>
          <field name="featuredPageHeading"
            type="list"
            default="h1"
            label="TPL_PAGE_HEADING_LABEL"
            description="TPL_PAGE_HEADING_DESC">
            <option value="h1">h1</option>
            <option value="h2">h2</option>
            <option value="h3">h3</option>
            <option value="h4">h4</option>
            <option value="h5">h5</option>
            <option value="h6">h6</option>          
            <option value="p">p</option>          
          </field>

          <field name="featuredItemHeading"
            type="list"
            default="h3"
            label="TPL_ITEM_HEADING_LABEL"
            description="TPL_ITEM_HEADING_DESC">
            <option value="h1">h1</option>
            <option value="h2">h2</option>
            <option value="h3">h3</option>
            <option value="h4">h4</option>
            <option value="h5">h5</option>
            <option value="h6">h6</option>  
            <option value="p">p</option>          
          </field>

        <field type="spacer" label="TPL_SPACER_CATEGORY_TYPO_LABEL" description="TPL_SPACER_CATEGORY_TYPO_DESC"></field>
          <field name="categoryPageHeading"
            type="list"
            default="h1"
            label="TPL_PAGE_HEADING_LABEL"
            description="TPL_PAGE_HEADING_DESC">
            <option value="h1">h1</option>
            <option value="h2">h2</option>
            <option value="h3">h3</option>
            <option value="h4">h4</option>
            <option value="h5">h5</option>
            <option value="h6">h6</option>          
            <option value="p">p</option>          
          </field>

          <field name="categoryItemHeading"
            type="list"
            default="h3"
            label="TPL_ITEM_HEADING_LABEL"
            description="TPL_ITEM_HEADING_DESC">
            <option value="h1">h1</option>
            <option value="h2">h2</option>
            <option value="h3">h3</option>
            <option value="h4">h4</option>
            <option value="h5">h5</option>
            <option value="h6">h6</option>  
            <option value="p">p</option>          
          </field>

        <field type="spacer" label="TPL_SPACER_BLOG_TYPO_LABEL" description="TPL_SPACER_BLOG_TYPO_DESC"></field>
          <field name="blogPageHeading"
            type="list"
            default="h1"
            label="TPL_PAGE_HEADING_LABEL"
            description="TPL_PAGE_HEADING_DESC">
            <option value="h1">h1</option>
            <option value="h2">h2</option>
            <option value="h3">h3</option>
            <option value="h4">h4</option>
            <option value="h5">h5</option>
            <option value="h6">h6</option>  
            <option value="p">p</option>          
          </field>
          <field name="blogItemHeading"
            type="list"
            default="h3"
            label="TPL_ITEM_HEADING_LABEL"
            description="TPL_ITEM_HEADING_DESC">
            <option value="h1">h1</option>
            <option value="h2">h2</option>
            <option value="h3">h3</option>
            <option value="h4">h4</option>
            <option value="h5">h5</option>
            <option value="h6">h6</option>  
            <option value="p">p</option>          
          </field>

        <field type="spacer" label="TPL_SPACER_ITEM_TYPO_LABEL" description="TPL_SPACER_ITEM_TYPO_DESC"></field>
          <!-- <field name="itemPageHeading"
            type="list"
            default="h1"
            label="TPL_PAGE_HEADING_LABEL"
            description="">
            <option value="h1">h1</option>
            <option value="h2">h2</option>
            <option value="h3">h3</option>
            <option value="h4">h4</option>
            <option value="h5">h5</option>
            <option value="h6">h6</option>  
            <option value="p">p</option>          
          </field> -->
          <field name="itemItemHeading"
            type="list"
            default="h3"
            label="TPL_ITEM_HEADING_LABEL"
            description="TPL_ITEM_HEADING_DESC">
            <option value="h1">h1</option>
            <option value="h2">h2</option>
            <option value="h3">h3</option>
            <option value="h4">h4</option>
            <option value="h5">h5</option>
            <option value="h6">h6</option>  
            <option value="p">p</option>          
          </field>          

          <field name="itemBlogItemHeading"
            type="list"
            default="h3"
            label="TPL_ITEM_BLOG_HEADING_LABEL"
            description="TPL_ITEM_BLOG_HEADING_DESC">
            <option value="h1">h1</option>
            <option value="h2">h2</option>
            <option value="h3">h3</option>
            <option value="h4">h4</option>
            <option value="h5">h5</option>
            <option value="h6">h6</option>  
            <option value="p">p</option>          
          </field>
      </fieldset>

      <fieldset name="features" label="TPL_FIELDSET_FEATURES">

        <field type="spacer" label="TPL_SPACER_TOTOP_LABEL" description="TPL_SPACER_TOTOP_DESC"></field>

        <field
          name="totop"
          type="radio"
          class="btn-group" 
          default="1"
          label="TPL_THEME_TOTOP"
          description="TPL_THEME_TOTOP_DESC">
            <option value="0">JHIDE</option>
            <option value="1">JSHOW</option>
        </field>

        <field
          name="totop_text"
          type="text"
          default=""
          label="TPL_THEME_TOTOP_TEXT"
          description="TPL_THEME_TOTOP_TEXT_DESC">          
        </field>

        <field type="spacer" label="TPL_SPACER_TODESKTOP_LABEL" description="TPL_SPACER_TODESKTOP_DESC"></field>

        <field
          name="todesktop"
          type="radio"
          class="btn-group" 
          default="1"
          label="TPL_THEME_TODESKTOP"
          description="TPL_THEME_TODESKTOP_DESC">
            <option value="0">JHIDE</option>
            <option value="1">JSHOW</option>
        </field>

        <field
          name="todesktop_text"
          type="text"
          default="Back to desktop version"
          label="TPL_THEME_TODESKTOP_TEXT"
          description="TPL_THEME_TODESKTOP_TEXT_DESC">          
        </field>

        <field
          name="tomobile_text"
          type="text"
          default="Back to mobile version"
          label="TPL_THEME_TOMOBILE_TEXT"
          description="TPL_THEME_TOMOBILE_TEXT_DESC">          
        </field>

        <field type="spacer" label="TPL_SPACER_BLACK_AND_WHITE_LABEL" description="TPL_SPACER_BLACK_AND_WHITE_DESC"></field>

        <field
          name="blackandwhite"
          type="radio"
          class="btn-group" 
          default="1"
          label="TPL_BLACK_AND_WHITE"
          description="TPL_BLACK_AND_WHITE_DESC">
            <option value="0">JDISABLED</option>
            <option value="1">JENABLED</option>
        </field>

        <field
          name="invertHoverEffect"
          type="radio"
          class="btn-group"
          default="1"
          label="TPL_INVERT_HOVER_EFFECT">
            <option value="0">JFALSE</option>
            <option value="1">JTRUE</option>
        </field>

        <field
          name="fadeIn"
          type="text"
          default="500"
          label="TPL_ANIMATION_IN_SPEED">          
        </field>

        <field
          name="fadeOut"
          type="text"
          default="500"
          label="TPL_ANIMATION_OUT_SPEED">          
        </field>

        <field type="spacer" label="TPL_SPACER_COUNTDOWN_LABEL"></field>

        <field
          name="countdown_time"
          type="calendar"
          size="22"
          format="%Y-%m-%d %H:%M:%S"
          filter="user_utc"
          label="TPL_COUNTDOWN_TIME_LABEL"
          description="TPL_COUNTDOWN_TIME_DESC"/>

        <field name="color_scheme" type="hidden" default="" />
        
      </fieldset>
    </fields>
  </config>
</extension>
