<?xml version="1.0" encoding="UTF-8" ?>
<extension type="library" version="3.1">
	<name>LIB_PHPUTF8</name>
	<libraryname>phputf8</libraryname>
	<version>0.5</version>
	<description>LIB_PHPUTF8_XML_DESCRIPTION</description>
	<creationDate>2006</creationDate>
	<copyright>Copyright various authors</copyright>
	<license>https://www.gnu.org/licenses/gpl-2.0.html GNU/GPL</license>
	<author>Harry Fuecks</author>
	<authorEmail>hfuecks@gmail.com</authorEmail>
	<authorUrl>http://sourceforge.net/projects/phputf8</authorUrl>
	<packager>Joomla!</packager>
	<packagerurl>https://www.joomla.org</packagerurl>
	<files folder="libraries">
		<folder>phputf8</folder>
	</files>
</extension>
